probe,repetitions,epoch,ns_per_execution
"SIG/0",128,0,70291.671875
"SIG/32",330,0,37240.530303030304
"SIG/64",570,0,27391.959649122808
"SIG/128",726,0,27319.674931129477
"SIG/1024",367,0,28416.438692098094
"SIG/8192",622,0,31726.286173633442
"SIG/65536",175,0,58210
"SIG/262144",128,0,148937.1796875
"SIG/1048576",20,0,518562.5
"SIG/4000000",6,0,1908819.5
"TWEAK",446,0,22598.280269058298
"SIG/0",128,1,27453.125
"SIG/32",330,1,27547.727272727272
"SIG/64",570,1,27549.415789473685
"SIG/128",726,1,27872.81955922865
"SIG/1024",367,1,27854.792915531336
"SIG/8192",622,1,31826.90192926045
"SIG/65536",175,1,56675.954285714288
"SIG/262144",128,1,145059.890625
"SIG/1048576",20,1,499008.34999999998
"SIG/4000000",6,1,1904993.1666666667
"TWEAK",446,1,23000.934977578476
"SIG/0",128,2,27250.9765625
"SIG/32",330,2,27485.60606060606
"SIG/64",570,2,27646.345614035086
"SIG/128",726,2,27624.483471074382
"SIG/1024",367,2,27989.782016348774
"SIG/8192",622,2,31931.53697749196
"SIG/65536",175,2,58065.714285714283
"SIG/262144",128,2,149586.5859375
"SIG/1048576",20,2,512052.09999999998
"SIG/4000000",6,2,1892972.1666666667
"TWEAK",446,2,22940.11659192825
"SIG/0",128,3,27840.1640625
"SIG/32",330,3,27996.590909090908
"SIG/64",570,3,27773.977192982456
"SIG/128",726,3,27842.74655647383
"SIG/1024",367,3,28023.275204359674
"SIG/8192",622,3,32346.127009646301
"SIG/65536",175,3,58767.38285714286
"SIG/262144",128,3,150448.2421875
"SIG/1048576",20,3,498618.75
"SIG/4000000",6,3,1827479.1666666667
"TWEAK",446,3,21952.634529147981
"SIG/0",128,4,26446.6171875
"SIG/32",330,4,26557.196969696968
"SIG/64",570,4,26458.771929824561
"SIG/128",726,4,26610.307162534435
"SIG/1024",367,4,27015.553133514986
"SIG/8192",622,4,30888.46463022508
"SIG/65536",175,4,58951.428571428572
"SIG/262144",128,4,151111.9765625
"SIG/1048576",20,4,515322.90000000002
"SIG/4000000",6,4,1827881.8333333333
"TWEAK",446,4,21956.183856502241
"SIG/0",128,5,26436.1953125
"SIG/32",330,5,26557.448484848486
"SIG/64",570,5,26450.073684210525
"SIG/128",726,5,27269.340220385675
"SIG/1024",367,5,28460.945504087194
"SIG/8192",622,5,32165.326366559486
"SIG/65536",175,5,58428.097142857143
"SIG/262144",128,5,144311.8515625
"SIG/1048576",20,5,498708.34999999998
"SIG/4000000",6,5,1827472.1666666667
"TWEAK",446,5,21954.69058295964
"SIG/0",128,6,26439.453125
"SIG/32",330,6,26558.839393939394
"SIG/64",570,6,26459.429824561405
"SIG/128",726,6,26603.477961432505
"SIG/1024",367,6,27530.880108991827
"SIG/8192",622,6,32330.385852090032
"SIG/65536",175,6,59528.33142857143
"SIG/262144",128,6,150703.7734375
"SIG/1048576",20,6,523975
"SIG/4000000",6,6,1827465.1666666667
"TWEAK",446,6,21960.390134529149
